{
    "rmse": 0.6312397905485201,
    "mae": 0.5023777313235752,
    "r2": 0.3478232772670904
}