{
    "rmse": 0.6356984121500869,
    "mae": 0.5070386227007048,
    "r2": 0.28246279151687725
}