{
    "rmse": 0.6593583896127699,
    "mae": 0.5267587000211831,
    "r2": 0.2927315659989297
}